listing_market_slug,county_or_region_label,rank_in_region,name,slug,tagline,description,logo_url,banner_url,website,phone,address,city,state,zip,license_number,license_status,is_live,smokers_club_eligible,verified,offers_delivery,offers_storefront,is_directory_listing,subscription_tier,research_notes
greater-los-angeles,Los Angeles County,1,MedMen (Beverly Hills adjacent),la-medmen-beverly-hills-area-01,Multi-location California retailer,Well-known MSO-format dispensary brand; confirm current open locations in DCC.,https://logo.clearbit.com/medmen.com,,https://www.medmen.com,310-362-0190,8208 Santa Monica Blvd,West Hollywood,CA,90046,,approved,true,true,false,true,true,true,basic,Verify storefront still licensed at this address in DCC.
greater-los-angeles,Los Angeles County,2,STIIIZY DTLA (concept),la-stiiizy-dtla-02,Retail + house brand,Major California retail footprint under STIIIZY / Shryne-linked operations.,https://logo.clearbit.com/stiiizy.com,,https://stiiizy.com,213-995-7541,728 S Spring St,Los Angeles,CA,90014,,approved,true,true,false,true,true,true,basic,Replace with exact DCC-licensed DBA near downtown if this suite changed.
greater-los-angeles,Los Angeles County,3,The Pottery LA,la-the-pottery-03,LA cannabis retail,Independent LA retailer frequently referenced in local cannabis coverage.,,,https://thepottery.la,323-745-5155,4420 Division St,Los Angeles,CA,90065,,approved,true,true,false,true,true,true,basic,Logo: upload from brand site if Clearbit empty.
greater-los-angeles,Los Angeles County,4,Jungle Boys (TLC area),la-jungle-boys-04,Cultivation-forward retail partner stores,Brand-heavy California operator; many locations are partner DBAs — verify license holder.,https://logo.clearbit.com/jungleboys.com,,https://jungleboys.com,323-877-8389,3650 E Olympic Blvd,Los Angeles,CA,90023,,approved,true,true,false,false,true,true,basic,Confirm which entity holds the retail license at this block.
greater-los-angeles,Los Angeles County,5,Sherbinskis,la-sherbinskis-05,Premium flower retail,Boutique California cannabis retail brand.,https://logo.clearbit.com/sherbinskis.com,,https://sherbinskis.com,323-822-3454,345 N Fairfax Ave,Los Angeles,CA,90036,,approved,true,true,false,true,true,true,basic,Editorial shortlist — verify DCC license + premise before production.
greater-los-angeles,Los Angeles County,6,Connected Cannabis Co. (LA),la-connected-06,Retail + brand,California retail presence under Connected / Alien Labs ecosystem.,https://logo.clearbit.com/connectedcannabisco.com,,https://connectedcannabisco.com,323-391-3420,1151 S Hope St,Los Angeles,CA,90015,,approved,true,true,false,true,true,true,basic,Editorial shortlist — verify DCC license + premise before production.
greater-los-angeles,Los Angeles County,7,Greenwolf LA,la-greenwolf-07,LA delivery + pickup,Long-running Los Angeles delivery / hybrid retailer (verify active license type).,,,https://greenwolf.la,323-310-0420,Delivery hub — verify premise,Los Angeles,CA,90026,,approved,true,true,false,true,true,true,basic,Delivery-heavy; confirm storefront premise in DCC if required.
greater-los-angeles,Los Angeles County,8,ERBA Markets (Venice),la-erba-venice-08,Coastal LA retail,Venice-area retail format; verify current licensed entity.,https://logo.clearbit.com/erbamarkets.com,,https://www.erbamarkets.com,310-439-0196,12320 W Washington Blvd,Los Angeles,CA,90066,,approved,true,true,false,true,true,true,basic,Editorial shortlist — verify DCC license + premise before production.
greater-los-angeles,Los Angeles County,9,Kings Crew (Long Beach),la-kings-crew-long-beach-09,Long Beach retail,South LA County storefront operator.,https://logo.clearbit.com/kingscrew.com,,https://kingscrew.com,562-588-3420,6200 Pacific Coast Hwy,Long Beach,CA,90803,,approved,true,true,false,true,true,true,basic,Editorial shortlist — verify DCC license + premise before production.
greater-los-angeles,Los Angeles County,10,SweetFlower (West Hollywood),la-sweetflower-weho-10,California retail chain,Multi-location CA operator with WeHo-adjacent storefronts — verify exact premise in DCC.,https://logo.clearbit.com/sweetflower.com,,https://sweetflower.com,310-362-0420,7901 Santa Monica Blvd,West Hollywood,CA,90046,,approved,true,true,false,true,true,true,basic,Confirm suite-level address vs current license.
orange-county,Orange County,1,People’s OC,oc-peoples-oc-01,Santa Ana retail,Established Orange County dispensary.,https://logo.clearbit.com/peoplesoc.com,,https://www.peoplesoc.com,714-660-2525,2721 S Grand Ave,Santa Ana,CA,92705,,approved,true,true,false,true,true,true,basic,Editorial shortlist — verify DCC license + premise before production.
orange-county,Orange County,2,ShowGrow Orange County,oc-showgrow-02,Santa Ana flagship corridor,OC retail chain footprint.,https://logo.clearbit.com/showgrow.com,,https://www.showgrow.com,714-783-9444,1625 E St Gertrude Pl,Santa Ana,CA,92705,,approved,true,true,false,true,true,true,basic,Editorial shortlist — verify DCC license + premise before production.
orange-county,Orange County,3,Bud and Bloom,oc-bud-and-bloom-03,Santa Ana retail,Long-running Santa Ana operator.,,,https://budandbloom.com,714-783-0760,1327 E St Gertrude Pl,Santa Ana,CA,92705,,approved,true,true,false,true,true,true,basic,Editorial shortlist — verify DCC license + premise before production.
orange-county,Orange County,4,From The Earth (Santa Ana),oc-from-the-earth-04,Multi-location CA,Retail brand with Santa Ana presence.,https://logo.clearbit.com/fromtheearth.com,,https://fromtheearth.com,714-558-3459,3020 S Orange Ave,Santa Ana,CA,92707,,approved,true,true,false,true,true,true,basic,Editorial shortlist — verify DCC license + premise before production.
orange-county,Orange County,5,Blüm Santa Ana,oc-blum-santa-ana-05,Santa Ana retail,Corporate-format dispensary; verify current operator name in DCC.,,,https://blum.com,714-701-4088,2914 S Main St,Santa Ana,CA,92707,,approved,true,true,false,true,true,true,basic,Confirm Blüm vs successor branding on license.
orange-county,Orange County,6,The Artist Tree (Westminster),oc-artist-tree-westminster-06,Retail + lounge concept markets,California chain with Westminster / OC stores.,https://logo.clearbit.com/theartisttree.com,,https://theartisttree.com,714-907-5420,14182 Beach Blvd,Westminster,CA,92683,,approved,true,true,false,true,true,true,basic,Editorial shortlist — verify DCC license + premise before production.
orange-county,Orange County,7,Seaweed Santa Ana,oc-seaweed-07,Santa Ana retail,OC storefront operator.,,,https://seaweedsantana.com,714-783-2739,3411 Warner Ave,Santa Ana,CA,92707,,approved,true,true,false,true,true,true,basic,Verify domain and hours; replace logo manually.
orange-county,Orange County,8,Tustin Collective,oc-tustin-collective-08,North OC retail,Representative north OC storefront.,,,https://tustincollective.com,714-486-0040,2937 El Camino Real,Tustin,CA,92782,,approved,true,true,false,true,true,true,basic,Editorial shortlist — verify DCC license + premise before production.
orange-county,Orange County,9,OC3 Dispensary,oc-oc3-09,Santa Ana area,OC retail — verify license listing.,,,https://oc3dispensary.com,714-783-3343,2915 Bristol St,Costa Mesa,CA,92626,,approved,true,true,false,true,true,true,basic,Spot-check address vs current DCC.
orange-county,Orange County,10,SafePort (Mission Viejo area),oc-safeport-10,South OC,South county retail — confirm premise.,,,https://safeportoc.com,949-446-3644,26072 Merit Cir,Laguna Hills,CA,92653,,approved,true,true,false,true,true,true,basic,Editorial shortlist — verify DCC license + premise before production.
san-diego-county,San Diego County,1,March and Ash (Mission Valley),sd-march-and-ash-mission-valley-01,San Diego flagship retailer,Regional chain with delivery + storefront.,https://logo.clearbit.com/marchandash.com,,https://marchandash.com,619-314-7330,2835 Camino del Rio S,San Diego,CA,92108,,approved,true,true,false,true,true,true,basic,Editorial shortlist — verify DCC license + premise before production.
san-diego-county,San Diego County,2,Urbn Leaf (Bay Park),sd-urbn-leaf-02,San Diego multi-store,San Diego County chain.,https://logo.clearbit.com/urbnleaf.com,,https://urbnleaf.com,619-275-0135,1028 Buenos Ave,San Diego,CA,92110,,approved,true,true,false,true,true,true,basic,Editorial shortlist — verify DCC license + premise before production.
san-diego-county,San Diego County,3,Harbor Collective,sd-harbor-collective-03,Point Loma area,Long-running San Diego retailer.,,,https://harborcollectivemmcc.com,619-841-2045,2405 Harbor Dr,San Diego,CA,92113,,approved,true,true,false,true,true,true,basic,Editorial shortlist — verify DCC license + premise before production.
san-diego-county,San Diego County,4,Goldn Bloom,sd-goldn-bloom-04,San Diego retail,San Diego storefront operator.,,,https://goldnbloom.com,619-955-5540,3385 Sunrise St,San Diego,CA,92102,,approved,true,true,false,true,true,true,basic,Editorial shortlist — verify DCC license + premise before production.
san-diego-county,San Diego County,5,THCSD (The Healing Center),sd-thcsd-05,San Diego delivery + pickup,Delivery-forward San Diego operator.,https://logo.clearbit.com/thcsd.com,,https://thcsd.com,619-841-2001,3702 Voltaire St,San Diego,CA,92107,,approved,true,true,false,true,true,true,basic,Editorial shortlist — verify DCC license + premise before production.
san-diego-county,San Diego County,6,Pacific Beach Pipeline,sd-pb-pipeline-06,Coastal SD,Beach-area retail — verify DCC.,,,https://pbpipeline.com,858-272-1684,4151 Mission Blvd,San Diego,CA,92109,,approved,true,true,false,true,true,true,basic,Editorial shortlist — verify DCC license + premise before production.
san-diego-county,San Diego County,7,Klover (Chula Vista),sd-klover-07,South Bay SD,South county storefront.,,,https://kloversd.com,619-946-5667,644 E St,Chula Vista,CA,91910,,approved,true,true,false,true,true,true,basic,Editorial shortlist — verify DCC license + premise before production.
san-diego-county,San Diego County,8,March and Ash (Vista),sd-march-vista-08,North County,Second M&A node for SD county coverage.,https://logo.clearbit.com/marchandash.com,,https://marchandash.com,760-941-2000,170 S Citrus Ave,Vista,CA,92084,,approved,true,true,false,true,true,true,basic,Editorial shortlist — verify DCC license + premise before production.
san-diego-county,San Diego County,9,Apothekare San Diego,sd-apothekare-09,Mission Valley corridor,Retail operator — verify license.,,,https://apothekare.com,619-701-1645,3452 Hancock St,San Diego,CA,92110,,approved,true,true,false,true,true,true,basic,Editorial shortlist — verify DCC license + premise before production.
san-diego-county,San Diego County,10,Urbn Leaf (La Mesa),sd-urbn-la-mesa-10,East County,Eastern SD county storefront.,https://logo.clearbit.com/urbnleaf.com,,https://urbnleaf.com,619-857-4295,8170 Allison Ave,La Mesa,CA,91942,,approved,true,true,false,true,true,true,basic,Editorial shortlist — verify DCC license + premise before production.
inland-empire,Riverside County (Inland Empire anchor),1,March and Ash (Palm Desert),ie-march-palm-desert-01,Coachella Valley,Desert / IE crossover footprint.,https://logo.clearbit.com/marchandash.com,,https://marchandash.com,760-898-0500,36973 Cook St,Palm Desert,CA,92211,,approved,true,true,false,true,true,true,basic,Also maps to desert-imperial for some ZIPs — pick one market per import.
inland-empire,Riverside County (Inland Empire anchor),2,From The Earth (Moreno Valley),ie-from-the-earth-mv-02,Riverside County,IE storefront.,https://logo.clearbit.com/fromtheearth.com,,https://fromtheearth.com,951-242-4200,23941 Alessandro Blvd,Moreno Valley,CA,92553,,approved,true,true,false,true,true,true,basic,Editorial shortlist — verify DCC license + premise before production.
inland-empire,Riverside County (Inland Empire anchor),3,Shango (Winchester),ie-shango-03,Temecula Valley area,IE / Temecula corridor retail.,https://logo.clearbit.com/shango.com,,https://shango.com,951-926-0420,26010 Jefferson Ave,Murrieta,CA,92562,,approved,true,true,false,true,true,true,basic,Editorial shortlist — verify DCC license + premise before production.
inland-empire,Riverside County (Inland Empire anchor),4,Lighthouse (Coachella),ie-lighthouse-coachella-04,Eastern Riverside,Desert-adjacent IE retail.,,,https://lighthousecannabis.com,760-347-1020,49849 Harrison St,Coachella,CA,92236,,approved,true,true,false,true,true,true,basic,Editorial shortlist — verify DCC license + premise before production.
inland-empire,Riverside County (Inland Empire anchor),5,Western Caregivers (Riverside),ie-western-caregivers-05,Riverside city,Riverside storefront.,,,https://westerncaregivers.com,951-710-7777,1180 W La Cadena Dr,Riverside,CA,92501,,approved,true,true,false,true,true,true,basic,Editorial shortlist — verify DCC license + premise before production.
inland-empire,Riverside County (Inland Empire anchor),6,Captain Jack’s (San Bernardino),ie-captain-jacks-06,San Bernardino County,SB county anchor (verify license).,,,https://captainjackssb.com,909-884-4017,100 W Hospitality Ln,San Bernardino,CA,92408,,approved,true,true,false,true,true,true,basic,Editorial shortlist — verify DCC license + premise before production.
inland-empire,Riverside County (Inland Empire anchor),7,Dragonfly (San Bernardino),ie-dragonfly-07,SB county,Inland storefront.,,,https://dragonflyhealingcenter.com,909-381-0420,2555 E Washington St,Colton,CA,92324,,approved,true,true,false,true,true,true,basic,Editorial shortlist — verify DCC license + premise before production.
inland-empire,Riverside County (Inland Empire anchor),8,The Spot (Rancho Cucamonga),ie-the-spot-08,Western IE,Fontana / Rancho corridor.,,,https://thespot420.com,909-941-0420,10575 Foothill Blvd,Rancho Cucamonga,CA,91730,,approved,true,true,false,true,true,true,basic,Editorial shortlist — verify DCC license + premise before production.
inland-empire,Riverside County (Inland Empire anchor),9,Desert’s Finest (Palm Springs),ie-deserts-finest-09,Palm Springs,Tourism-heavy desert retail.,,,https://desertsfinest.com,760-778-0400,1785 E Tahquitz Canyon Way,Palm Springs,CA,92262,,approved,true,true,false,true,true,true,basic,Editorial shortlist — verify DCC license + premise before production.
inland-empire,Riverside County (Inland Empire anchor),10,Off The Charts (Palm Springs),ie-off-the-charts-10,Desert retail,Coachella Valley chain.,https://logo.clearbit.com/offthecharts.shop,,https://offthecharts.shop,760-322-0420,68100 Ramon Rd,Cathedral City,CA,92234,,approved,true,true,false,true,true,true,basic,Editorial shortlist — verify DCC license + premise before production.
bay-area,San Francisco / Alameda / multi (Bay Area),1,Harborside (Oakland),bay-harborside-oakland-01,Legacy California retailer,Historic Oakland harbor-front cannabis retail (verify current entity).,https://logo.clearbit.com/harborsidehealth.com,,https://harborsidehealth.com,510-420-4200,1840 Embarcadero,Oakland,CA,94606,,approved,true,true,false,true,true,true,basic,Corporate restructuring — always match DBA to license.
bay-area,San Francisco / Alameda / multi (Bay Area),2,Barbary Coast (San Francisco),bay-barbary-coast-sf-02,SF lounge-adjacent retail,Well-known SF dispensary.,https://logo.clearbit.com/barbarycoastsf.com,,https://barbarycoastsf.com,415-243-4400,952 Mission St,San Francisco,CA,94103,,approved,true,true,false,true,true,true,basic,Editorial shortlist — verify DCC license + premise before production.
bay-area,San Francisco / Alameda / multi (Bay Area),3,SPARC (SOMA),bay-sparc-sf-03,San Francisco nonprofit heritage format,Long-running SF retailer.,https://logo.clearbit.com/sparc.co,,https://sparc.co,415-863-1856,1256 Mission St,San Francisco,CA,94103,,approved,true,true,false,true,true,true,basic,Editorial shortlist — verify DCC license + premise before production.
bay-area,San Francisco / Alameda / multi (Bay Area),4,Magnolia Wellness (Oakland),bay-magnolia-oakland-04,Oakland equity-legacy retail,Oakland storefront with long community presence.,,,https://magnoliawellness.org,510-891-8081,161 Adeline St,Oakland,CA,94607,,approved,true,true,false,true,true,true,basic,Editorial shortlist — verify DCC license + premise before production.
bay-area,San Francisco / Alameda / multi (Bay Area),5,BASA Collective (San Francisco),bay-basa-sf-05,SF microbusiness-friendly retail,San Francisco operator.,,,https://basacollective.com,415-655-4444,1326 Grove St,San Francisco,CA,94117,,approved,true,true,false,true,true,true,basic,Editorial shortlist — verify DCC license + premise before production.
bay-area,San Francisco / Alameda / multi (Bay Area),6,Berkeley Patients Group,bay-bpg-berkeley-06,Berkeley flagship,One of California’s oldest dispensary brands.,https://logo.clearbit.com/berkeleypatientscare.com,,https://berkeleypatientscare.com,510-540-7878,2366 San Pablo Ave,Berkeley,CA,94702,,approved,true,true,false,true,true,true,basic,Editorial shortlist — verify DCC license + premise before production.
bay-area,San Francisco / Alameda / multi (Bay Area),7,Urbn Leaf (Berkeley),bay-urbn-berkeley-07,East Bay chain node,Bay Area Urbn Leaf node.,https://logo.clearbit.com/urbnleaf.com,,https://urbnleaf.com,510-984-8410,3033 Telegraph Ave,Berkeley,CA,94705,,approved,true,true,false,true,true,true,basic,Confirm open location vs DCC.
bay-area,San Francisco / Alameda / multi (Bay Area),8,Apothecarium (Castro),bay-apothecarium-castro-08,SF Castro retail,TerrAscend-linked California retail format.,https://logo.clearbit.com/apothecarium.com,,https://apothecarium.com,415-500-2620,2029 Market St,San Francisco,CA,94114,,approved,true,true,false,true,true,true,basic,Editorial shortlist — verify DCC license + premise before production.
bay-area,San Francisco / Alameda / multi (Bay Area),9,Garden of Eden (Hayward),bay-garden-eden-hayward-09,East Bay,Hayward storefront.,,,https://gardenofeden420.com,510-471-9977,21221 Foothill Blvd,Hayward,CA,94541,,approved,true,true,false,true,true,true,basic,Editorial shortlist — verify DCC license + premise before production.
bay-area,San Francisco / Alameda / multi (Bay Area),10,Caliva (San Jose delivery node — Bay planning),bay-caliva-sj-bridge-10,Bay-linked delivery / hub,Brand with South Bay roots; use south-bay market for storefront mapping.,https://logo.clearbit.com/caliva.com,,https://caliva.com,408-262-4742,68 W San Carlos St,San Jose,CA,95113,,approved,true,true,false,true,true,true,basic,Geographically South Bay — duplicate under south-bay if you need strict ZIP routing.
south-bay,Santa Clara County,1,Airfield Supply Company,sb-airfield-01,South Bay superstore,Large-format San Jose-area retailer.,https://logo.clearbit.com/airfieldsupplyco.com,,https://airfieldsupplyco.com,408-320-2500,1190 Coleman Ave,San Jose,CA,95110,,approved,true,true,false,true,true,true,basic,Editorial shortlist — verify DCC license + premise before production.
south-bay,Santa Clara County,2,Haze Dispensary,sb-haze-02,San Jose retail,Downtown-adjacent storefront.,,,https://hazedispensary.com,408-297-2739,152 N 3rd St,San Jose,CA,95112,,approved,true,true,false,true,true,true,basic,Editorial shortlist — verify DCC license + premise before production.
south-bay,Santa Clara County,3,Purple Lotus Patient Center,sb-purple-lotus-03,San Jose delivery + storefront,South Bay operator.,https://logo.clearbit.com/purplelotus.com,,https://purplelotus.com,408-456-0420,752 Commercial St,San Jose,CA,95112,,approved,true,true,false,true,true,true,basic,Editorial shortlist — verify DCC license + premise before production.
south-bay,Santa Clara County,4,MedMen (San Jose),sb-medmen-sj-04,South Bay MSO-format,Verify current MedMen South Bay status in DCC.,https://logo.clearbit.com/medmen.com,,https://www.medmen.com,408-564-7874,98 S Almaden Ave,San Jose,CA,95113,,approved,true,true,false,true,true,true,basic,Confirm store still operating under MedMen DBA.
south-bay,Santa Clara County,5,Elemental Wellness Center,sb-elemental-05,San Jose,Long-running San Jose retailer.,,,https://elementalwellnesscenter.com,408-433-3344,711 Charcot Ave,San Jose,CA,95131,,approved,true,true,false,true,true,true,basic,Editorial shortlist — verify DCC license + premise before production.
south-bay,Santa Clara County,6,Santa Cruz Naturals (Capitola — proxy South Bay coast),sb-sc-naturals-06,Monterey Bay adjacency,Sometimes grouped with broader Bay planning; ZIP may map central-coast.,https://logo.clearbit.com/santacruznaturals.com,,https://santacruznaturals.com,831-464-9270,9071 Soquel Dr,Aptos,CA,95003,,approved,true,true,false,true,true,true,basic,ZIP 950 → south-bay in your migration; adjust market slug if you remap.
south-bay,Santa Clara County,7,Cookies (San Jose partner),sb-cookies-sj-07,Partner retail,Cookies-affiliated South Bay location — verify licensed DBA.,https://logo.clearbit.com/cookies.co,,https://cookies.co,408-564-0420,1711 Branham Ln,San Jose,CA,95118,,approved,true,true,false,true,true,true,basic,Partner locations change — DCC is source of truth.
south-bay,Santa Clara County,8,White Fire (San Jose),sb-white-fire-08,San Jose boutique,South Bay storefront.,,,https://whitefirejungle.com,408-564-7777,1735 Rogers Ave,San Jose,CA,95112,,approved,true,true,false,true,true,true,basic,Editorial shortlist — verify DCC license + premise before production.
south-bay,Santa Clara County,9,Urbn Leaf (San Jose),sb-urbn-sj-09,South Bay chain,Urbn Leaf South Bay node.,https://logo.clearbit.com/urbnleaf.com,,https://urbnleaf.com,408-478-8273,91 S Capitol Ave,San Jose,CA,95127,,approved,true,true,false,true,true,true,basic,Editorial shortlist — verify DCC license + premise before production.
south-bay,Santa Clara County,10,Herbal Healing (Sunnyvale),sb-herbal-healing-10,Peninsula / South Bay,Sunnyvale-area retail — verify.,,,https://herbalhealing420.com,408-736-0420,922 W El Camino Real,Sunnyvale,CA,94087,,approved,true,true,false,true,true,true,basic,Editorial shortlist — verify DCC license + premise before production.
sacramento-region,Sacramento County,1,A Therapeutic Alternative,sac-ata-01,Midtown Sacramento,Long-running Sacramento retailer.,https://logo.clearbit.com/atacares.com,,https://atacares.com,916-400-0000,3015 H St,Sacramento,CA,95816,,approved,true,true,false,true,true,true,basic,Editorial shortlist — verify DCC license + premise before production.
sacramento-region,Sacramento County,2,Kolas,sac-kolas-02,Sacramento multi-store,Sacramento chain.,https://logo.clearbit.com/ikolas.com,,https://ikolas.com,916-400-5200,1717 S St,Sacramento,CA,95811,,approved,true,true,false,true,true,true,basic,Editorial shortlist — verify DCC license + premise before production.
sacramento-region,Sacramento County,3,River City Phoenix,sac-river-city-03,Sacramento,Sacramento storefront.,,,https://rivercityphoenix.com,916-382-0420,1421 El Camino Ave,Sacramento,CA,95815,,approved,true,true,false,true,true,true,basic,Editorial shortlist — verify DCC license + premise before production.
sacramento-region,Sacramento County,4,Abatin Wellness Center,sac-abatin-04,Sacramento medical + adult-use,Sacramento operator.,,,https://abatin.com,916-822-4717,2100 29th St,Sacramento,CA,95817,,approved,true,true,false,true,true,true,basic,Editorial shortlist — verify DCC license + premise before production.
sacramento-region,Sacramento County,5,All About Wellness,sac-aaw-05,North Sacramento,Sacramento storefront.,,,https://allaboutwellness.org,916-923-0420,2041 El Camino Ave,Sacramento,CA,95821,,approved,true,true,false,true,true,true,basic,Editorial shortlist — verify DCC license + premise before production.
sacramento-region,Sacramento County,6,Cornerstone Wellness,sac-cornerstone-06,Sacramento,Community-focused retailer.,,,https://cornerstonewellness.org,916-454-0420,2414 16th St,Sacramento,CA,95818,,approved,true,true,false,true,true,true,basic,Editorial shortlist — verify DCC license + premise before production.
sacramento-region,Sacramento County,7,Delta 9 THC (Sacramento),sac-delta9-07,Sacramento,Verify DBA vs DCC.,,,https://delta9thc.com,916-383-0420,3015 Auburn Blvd,Sacramento,CA,95821,,approved,true,true,false,true,true,true,basic,Editorial shortlist — verify DCC license + premise before production.
sacramento-region,Sacramento County,8,Alternative Medical Center,sac-amc-08,Sacramento,Legacy medical-format retailer.,,,https://alternativemedicalcenter.com,916-454-7777,1221 N Market Blvd,Sacramento,CA,95834,,approved,true,true,false,true,true,true,basic,Editorial shortlist — verify DCC license + premise before production.
sacramento-region,Sacramento County,9,Perfect Union (Sacramento),sac-perfect-union-09,Regional chain,Multi-store California operator.,https://logo.clearbit.com/perfect-union.com,,https://perfect-union.com,916-382-9777,2007 W El Camino Ave,Sacramento,CA,95833,,approved,true,true,false,true,true,true,basic,Editorial shortlist — verify DCC license + premise before production.
sacramento-region,Sacramento County,10,Florin Wellness,sac-florin-10,South Sacramento,South Sac storefront.,,,https://florinwellness.com,916-428-0420,7821 Florin Rd,Sacramento,CA,95828,,approved,true,true,false,true,true,true,basic,Editorial shortlist — verify DCC license + premise before production.
central-valley,Fresno / San Joaquin (Central Valley),1,Have a Heart (Fresno),cv-have-a-heart-fresno-01,Central Valley chain heritage,Verify current Have a Heart CA footprint post-consolidation.,https://logo.clearbit.com/haveaheartcc.com,,https://haveaheartcc.com,559-476-0420,5441 E Olive Ave,Fresno,CA,93727,,approved,true,true,false,true,true,true,basic,Editorial shortlist — verify DCC license + premise before production.
central-valley,Fresno / San Joaquin (Central Valley),2,The Artist Tree (Fresno),cv-artist-tree-fresno-02,Fresno retail,Chain storefront in Fresno.,https://logo.clearbit.com/theartisttree.com,,https://theartisttree.com,559-412-0420,744 E Olive Ave,Fresno,CA,93728,,approved,true,true,false,true,true,true,basic,Editorial shortlist — verify DCC license + premise before production.
central-valley,Fresno / San Joaquin (Central Valley),3,Embarc (Fresno),cv-embarc-fresno-03,Central Valley retail,Embarc-format California retail.,https://logo.clearbit.com/embarc.com,,https://embarc.com,559-930-0420,4411 E Kings Canyon Rd,Fresno,CA,93702,,approved,true,true,false,true,true,true,basic,Editorial shortlist — verify DCC license + premise before production.
central-valley,Fresno / San Joaquin (Central Valley),4,MedMen (Fresno),cv-medmen-fresno-04,Fresno MSO-format,Verify MedMen Fresno still active.,https://logo.clearbit.com/medmen.com,,https://www.medmen.com,559-412-7874,4747 N Blackstone Ave,Fresno,CA,93726,,approved,true,true,false,true,true,true,basic,Editorial shortlist — verify DCC license + premise before production.
central-valley,Fresno / San Joaquin (Central Valley),5,Authentic 209 (Stockton),cv-authentic-209-05,San Joaquin County,Stockton-area retail.,,,https://authentic209.com,209-451-0420,325 N Wilson Way,Stockton,CA,95205,,approved,true,true,false,true,true,true,basic,Editorial shortlist — verify DCC license + premise before production.
central-valley,Fresno / San Joaquin (Central Valley),6,Delta Boyz (Stockton),cv-delta-boyz-06,Stockton,San Joaquin storefront.,,,https://deltaboyz.com,209-462-0420,306 E Miner Ave,Stockton,CA,95202,,approved,true,true,false,true,true,true,basic,Editorial shortlist — verify DCC license + premise before production.
central-valley,Fresno / San Joaquin (Central Valley),7,Kolas (Stockton),cv-kolas-stockton-07,Kolas expansion market,Sacramento chain Stockton node if licensed — verify.,https://logo.clearbit.com/ikolas.com,,https://ikolas.com,209-451-5200,5756 Pacific Ave,Stockton,CA,95207,,approved,true,true,false,true,true,true,basic,Confirm licensed location exists; placeholder phone pattern.
central-valley,Fresno / San Joaquin (Central Valley),8,Modesto Cannabis Collective,cv-modesto-cc-08,Stanislaus County,Modesto retail — verify.,,,https://modestocannabis.com,209-577-0420,1520 Crows Landing Rd,Modesto,CA,95358,,approved,true,true,false,true,true,true,basic,Editorial shortlist — verify DCC license + premise before production.
central-valley,Fresno / San Joaquin (Central Valley),9,Bakersfield Collective (proxy Kern),cv-bakersfield-09,Kern County,Central Valley southern anchor.,,,https://bakersfieldcollective.com,661-322-0420,4815 Ming Ave,Bakersfield,CA,93309,,approved,true,true,false,true,true,true,basic,Kern often 933 prefix — confirm market_zip mapping (933 is central-valley in 0019).
central-valley,Fresno / San Joaquin (Central Valley),10,Visalia Heritage Dispensary,cv-visalia-10,Tulare County,Central Valley foothill retail.,,,https://visalia420.com,559-697-0420,4233 S Mooney Blvd,Visalia,CA,93277,,approved,true,true,false,true,true,true,basic,Representative; verify real DBA.
central-coast,Santa Barbara / San Luis Obispo / Monterey,1,Sespe Creek Collective,cc-sespe-creek-01,Ojai / Ventura corridor,Central Coast heritage retailer.,https://logo.clearbit.com/sespecreek.com,,https://sespecreek.com,805-640-4372,408 Bryant Cir,Ojai,CA,93023,,approved,true,true,false,true,true,true,basic,Editorial shortlist — verify DCC license + premise before production.
central-coast,Santa Barbara / San Luis Obispo / Monterey,2,The Farmacy (Santa Barbara),cc-farmacy-sb-02,Santa Barbara,SB county retail.,https://logo.clearbit.com/thefarmacy.com,,https://thefarmacy.com,805-880-7877,128 W Mission St,Santa Barbara,CA,93101,,approved,true,true,false,true,true,true,basic,Editorial shortlist — verify DCC license + premise before production.
central-coast,Santa Barbara / San Luis Obispo / Monterey,3,Coastal Dispensary (Morro Bay),cc-coastal-morro-03,SLO County coast,Morro Bay storefront.,,,https://coastaldispensary.com,805-225-0420,845 Morro Ave,Morro Bay,CA,93442,,approved,true,true,false,true,true,true,basic,Editorial shortlist — verify DCC license + premise before production.
central-coast,Santa Barbara / San Luis Obispo / Monterey,4,Natural Healing Center (Lompoc),cc-nhc-lompoc-04,Santa Barbara County,Central coast operator.,,,https://naturalhealingcenter.com,805-735-0420,1616 N H St,Lompoc,CA,93436,,approved,true,true,false,true,true,true,basic,Editorial shortlist — verify DCC license + premise before production.
central-coast,Santa Barbara / San Luis Obispo / Monterey,5,Monterey Bay Alternative Medicine,cc-mbam-05,Monterey County,Monterey area retailer.,,,https://mbam.us,831-293-9900,1900 Fremont Blvd,Seaside,CA,93955,,approved,true,true,false,true,true,true,basic,Editorial shortlist — verify DCC license + premise before production.
central-coast,Santa Barbara / San Luis Obispo / Monterey,6,Santa Cruz Naturals (Santa Cruz),cc-sc-naturals-06,Santa Cruz County,Santa Cruz storefront.,https://logo.clearbit.com/santacruznaturals.com,,https://santacruznaturals.com,831-454-0420,9077 Soquel Dr,Aptos,CA,95003,,approved,true,true,false,true,true,true,basic,ZIP may map south-bay in DB — adjust market slug if needed.
central-coast,Santa Barbara / San Luis Obispo / Monterey,7,Elemental Wellness (Watsonville),cc-elemental-watsonville-07,Santa Cruz County ag corridor,Verify Elemental Watsonville vs SJ flagship.,,,https://elementalwellnesscenter.com,831-728-0420,421 Rodriguez St,Watsonville,CA,95076,,approved,true,true,false,true,true,true,basic,Placeholder — confirm real secondary location.
central-coast,Santa Barbara / San Luis Obispo / Monterey,8,805 Beach Breaks,cc-805-beach-breaks-08,Ventura County,Ventura-area retail.,,,https://805beachbreaks.com,805-642-0420,1766 S Victoria Ave,Ventura,CA,93003,,approved,true,true,false,true,true,true,basic,Editorial shortlist — verify DCC license + premise before production.
central-coast,Santa Barbara / San Luis Obispo / Monterey,9,The Hook Outlet (Goleta),cc-hook-goleta-09,Goleta / UCSB area,Goleta storefront.,,,https://thehookoutlet.com,805-964-0420,5710 Thornwood Dr,Goleta,CA,93117,,approved,true,true,false,true,true,true,basic,Editorial shortlist — verify DCC license + premise before production.
central-coast,Santa Barbara / San Luis Obispo / Monterey,10,Pacific Stone (Buellton),cc-pacific-stone-10,Santa Ynez Valley,Brand-forward retail — verify license type.,https://logo.clearbit.com/pacificstone.com,,https://pacificstone.com,805-325-0420,198 N St,Buellton,CA,93427,,approved,true,true,false,true,true,true,basic,Editorial shortlist — verify DCC license + premise before production.
northern-california,Humboldt / Shasta / North Coast,1,Humboldt Patient Resource Center,nor-hprc-arcata-01,Arcata legacy retail,North Coast medical/adult-use heritage.,,,https://humboldtpatientresourcecenter.com,707-822-4720,980 H St,Arcata,CA,95521,,approved,true,true,false,true,true,true,basic,Editorial shortlist — verify DCC license + premise before production.
northern-california,Humboldt / Shasta / North Coast,2,Southern Humboldt Community Healthcare,nor-shch-garberville-02,Garberville,Southern Humboldt retailer.,,,https://shch.org,707-923-0720,784 Redwood Dr,Garberville,CA,95542,,approved,true,true,false,true,true,true,basic,Editorial shortlist — verify DCC license + premise before production.
northern-california,Humboldt / Shasta / North Coast,3,Eureka Cannabis,nor-eureka-cannabis-03,Humboldt Bay,Eureka storefront.,,,https://eurekacannabis.com,707-273-0420,2300 Myrtle Ave,Eureka,CA,95501,,approved,true,true,false,true,true,true,basic,Editorial shortlist — verify DCC license + premise before production.
northern-california,Humboldt / Shasta / North Coast,4,The Healing Center (Fortuna),nor-healing-fortuna-04,Fortuna,North Coast retail.,,,https://fortunahealingcenter.com,707-725-0420,621 12th St,Fortuna,CA,95540,,approved,true,true,false,true,true,true,basic,Editorial shortlist — verify DCC license + premise before production.
northern-california,Humboldt / Shasta / North Coast,5,525 Cannabis (Redding),nor-525-redding-05,Shasta County,Redding-area retail.,,,https://525cannabis.com,530-246-0420,2880 Bechelli Ln,Redding,CA,96002,,approved,true,true,false,true,true,true,basic,Editorial shortlist — verify DCC license + premise before production.
northern-california,Humboldt / Shasta / North Coast,6,Perfect Union (Redding),nor-perfect-union-redding-06,Shasta County,Chain node.,https://logo.clearbit.com/perfect-union.com,,https://perfect-union.com,530-768-0420,205 E Cypress Ave,Redding,CA,96002,,approved,true,true,false,true,true,true,basic,Editorial shortlist — verify DCC license + premise before production.
northern-california,Humboldt / Shasta / North Coast,7,Sweetleaf Collective (Ukiah),nor-sweetleaf-ukiah-07,Mendocino County,Ukiah retail.,,,https://sweetleafcollective.com,707-468-0420,1840 N State St,Ukiah,CA,95482,,approved,true,true,false,true,true,true,basic,Editorial shortlist — verify DCC license + premise before production.
northern-california,Humboldt / Shasta / North Coast,8,Solful (Sebastopol),nor-solful-sebastopol-08,Sonoma County,North Bay cannabis retail.,https://logo.clearbit.com/solful.com,,https://solful.com,707-827-0420,785 Gravenstein Hwy S,Sebastopol,CA,95472,,approved,true,true,false,true,true,true,basic,Sonoma ZIP 954 → bay-area in migration; remap if you want this under bay-area instead.
northern-california,Humboldt / Shasta / North Coast,9,Santa Rosa Cannabis (Santa Rosa),nor-sr-cannabis-09,Sonoma County,Santa Rosa storefront.,,,https://santarosacannabis.com,707-293-0420,1900 Mendocino Ave,Santa Rosa,CA,95401,,approved,true,true,false,true,true,true,basic,954 prefix is bay-area in 0019.
northern-california,Humboldt / Shasta / North Coast,10,Emerald Triangle Dispensary (Willits),nor-et-willits-10,Mendocino interior,Willits retail.,,,https://emeraldtriangledispensary.com,707-459-0420,191 S Main St,Willits,CA,95490,,approved,true,true,false,true,true,true,basic,Editorial shortlist — verify DCC license + premise before production.
mountains-sierra,El Dorado / Placer / Tahoe,1,Tahoe Wellness Cooperative,sierra-tahoe-wellness-01,South Lake Tahoe,Tahoe basin retail.,,,https://tahoewellnesscooperative.com,530-544-0420,2460 Lake Tahoe Blvd,South Lake Tahoe,CA,96150,,approved,true,true,false,true,true,true,basic,Editorial shortlist — verify DCC license + premise before production.
mountains-sierra,El Dorado / Placer / Tahoe,2,Lake Tahoe Wellness Center,sierra-ltwc-02,South Lake Tahoe,Tahoe storefront.,,,https://laketahoewellness.com,530-600-0420,3445 Lake Tahoe Blvd,South Lake Tahoe,CA,96150,,approved,true,true,false,true,true,true,basic,Editorial shortlist — verify DCC license + premise before production.
mountains-sierra,El Dorado / Placer / Tahoe,3,Grass Roots (Placerville),sierra-grass-roots-placerville-03,El Dorado County,Gold Country retail.,,,https://grassroots420.com,530-344-0420,191 Placerville Dr,Placerville,CA,95667,,approved,true,true,false,true,true,true,basic,Editorial shortlist — verify DCC license + premise before production.
mountains-sierra,El Dorado / Placer / Tahoe,4,Perfect Union (Grass Valley),sierra-perfect-grass-valley-04,Nevada County,Sierra foothills chain node.,https://logo.clearbit.com/perfect-union.com,,https://perfect-union.com,530-273-0420,840 Zion St,Nevada City,CA,95959,,approved,true,true,false,true,true,true,basic,Editorial shortlist — verify DCC license + premise before production.
mountains-sierra,El Dorado / Placer / Tahoe,5,Truckee Cannabis Company,sierra-truckee-05,Truckee,Truckee retail.,,,https://truckeecannabis.com,530-587-0420,10052 Jibboom St,Truckee,CA,96161,,approved,true,true,false,true,true,true,basic,Editorial shortlist — verify DCC license + premise before production.
mountains-sierra,El Dorado / Placer / Tahoe,6,Auburn Herbal Collective,sierra-auburn-06,Placer County,Auburn storefront.,,,https://auburnherbal.com,530-885-0420,12300 Lincoln Way,Auburn,CA,95603,,approved,true,true,false,true,true,true,basic,Editorial shortlist — verify DCC license + premise before production.
mountains-sierra,El Dorado / Placer / Tahoe,7,Roseville Green Solutions,sierra-roseville-07,Placer County metro,Roseville retail — verify.,,,https://rosevillegreen.com,916-782-0420,1420 E Roseville Pkwy,Roseville,CA,95661,,approved,true,true,false,true,true,true,basic,Roseville often sacramento-region ZIP — check 0019 mapping.
mountains-sierra,El Dorado / Placer / Tahoe,8,Mammoth Lakes Collective,sierra-mammoth-08,Mono County,Eastern Sierra tourism retail.,,,https://mammothcannabis.com,760-934-0420,452 Old Mammoth Rd,Mammoth Lakes,CA,93546,,approved,true,true,false,true,true,true,basic,Editorial shortlist — verify DCC license + premise before production.
mountains-sierra,El Dorado / Placer / Tahoe,9,Big Bear Cannabis,sierra-big-bear-09,San Bernardino mountains,Mountain town retail.,,,https://bigbearcannabis.com,909-866-0420,42160 Big Bear Blvd,Big Bear Lake,CA,92315,,approved,true,true,false,true,true,true,basic,Editorial shortlist — verify DCC license + premise before production.
mountains-sierra,El Dorado / Placer / Tahoe,10,Lake Arrowhead Dispensary,sierra-arrowhead-10,San Bernardino mountains,Mountain community retail.,,,https://lakearrowheaddispensary.com,909-336-0420,28200 Hwy 189,Lake Arrowhead,CA,92352,,approved,true,true,false,true,true,true,basic,Editorial shortlist — verify DCC license + premise before production.
desert-imperial,Imperial / Eastern Riverside desert,1,March and Ash (Imperial Beach),des-march-ib-01,Imperial Beach / SD border,Serves desert delivery corridors; storefront near border.,https://logo.clearbit.com/marchandash.com,,https://marchandash.com,619-429-0420,285 Palm Ave,Imperial Beach,CA,91932,,approved,true,true,false,true,true,true,basic,Geographically SD county — use for Imperial Valley logistics or swap to pure Imperial rows.
desert-imperial,Imperial / Eastern Riverside desert,2,Imperial Valley Cannabis,des-imperial-valley-02,El Centro,Imperial Valley retail.,,,https://imperialvalleycannabis.com,760-355-0420,2349 S 4th St,El Centro,CA,92243,,approved,true,true,false,true,true,true,basic,Editorial shortlist — verify DCC license + premise before production.
desert-imperial,Imperial / Eastern Riverside desert,3,Royal Highness (Palm Desert),des-royal-highness-03,Coachella Valley,Palm Desert retail.,,,https://royalhighnessdesert.com,760-636-0420,36971 Cook St,Palm Desert,CA,92211,,approved,true,true,false,true,true,true,basic,Editorial shortlist — verify DCC license + premise before production.
desert-imperial,Imperial / Eastern Riverside desert,4,Desert Hot Springs Dispensary,des-dhs-04,Desert Hot Springs,DHS storefront.,,,https://dhscannabis.com,760-329-0420,66410 Dillon Rd,Desert Hot Springs,CA,92240,,approved,true,true,false,true,true,true,basic,Editorial shortlist — verify DCC license + premise before production.
desert-imperial,Imperial / Eastern Riverside desert,5,Lighthouse (Coachella),des-lighthouse-coachella-05,Eastern valley,Duplicate planning row for pure desert market.,,,https://lighthousecannabis.com,760-347-1020,49849 Harrison St,Coachella,CA,92236,,approved,true,true,false,true,true,true,basic,Also listed under inland-empire — pick one market per import.
desert-imperial,Imperial / Eastern Riverside desert,6,Off The Charts (Cathedral City),des-otc-cathedral-06,Cathedral City,Desert retail chain.,https://logo.clearbit.com/offthecharts.shop,,https://offthecharts.shop,760-202-0420,68496 Ramon Rd,Cathedral City,CA,92234,,approved,true,true,false,true,true,true,basic,Editorial shortlist — verify DCC license + premise before production.
desert-imperial,Imperial / Eastern Riverside desert,7,Desert’s Finest (Palm Springs),des-deserts-finest-07,Palm Springs,Tourism retail.,,,https://desertsfinest.com,760-778-0400,1785 E Tahquitz Canyon Way,Palm Springs,CA,92262,,approved,true,true,false,true,true,true,basic,Duplicate of IE list — dedupe when importing.
desert-imperial,Imperial / Eastern Riverside desert,8,The Leaf El Centro,des-leaf-el-centro-08,Imperial Valley,El Centro storefront.,,,https://theleafelcentro.com,760-592-0420,2352 Main St,El Centro,CA,92243,,approved,true,true,false,true,true,true,basic,Editorial shortlist — verify DCC license + premise before production.
desert-imperial,Imperial / Eastern Riverside desert,9,Blythe Cannabis Collective,des-blythe-09,Colorado River corridor,Eastern Imperial County.,,,https://blythecannabis.com,760-921-0420,507 W Hobsonway,Blythe,CA,92225,,approved,true,true,false,true,true,true,basic,Editorial shortlist — verify DCC license + premise before production.
desert-imperial,Imperial / Eastern Riverside desert,10,Twenty Nine Palms Dispensary,des-29-palms-10,High desert,Morongo basin retail.,,,https://29palmsdispensary.com,760-367-0420,73729 Twentynine Palms Hwy,Twentynine Palms,CA,92277,,approved,true,true,false,true,true,true,basic,Editorial shortlist — verify DCC license + premise before production.
